filename,onset,Speech,Shout,Chainsaw,Jackhammer,Lawn Mower,Power Drill,Dog Bark,Rooster Crow,Horn Honk,Siren
197321.wav,0.0,0,0,0,0,0,0,0,0,0,0
197321.wav,1.2,0,0,0,0,0,0,0,0,0,0
197321.wav,2.4,0,0,0,0,0,0,0,0,0,0
197321.wav,3.6,0,0,0,0,0,0,0,0,0,0
197321.wav,4.8,0,0,0,0,0,0,0,0,0,0
197321.wav,6.0,0,0,0,0,0,0,0,0,0,0
197321.wav,7.2,0,0,0,0,0,0,0,0,0,0
197321.wav,8.4,0,0,0,0,0,0,0,0,0,0
197321.wav,9.6,0,0,0,0,0,0,0,0,0,0
197321.wav,10.8,0,0,0,0,0,0,0,0,0,0
197321.wav,12.0,0,0,0,0,0,0,0,0,0,0
197321.wav,13.2,0,0,0,0,0,0,0,0,0,0
197321.wav,14.4,0,0,0,0,0,0,0,0,0,0
197321.wav,15.6,0,0,0,0,0,0,0,0,0,0
197321.wav,16.8,0,0,0,0,0,0,0,0,0,0
197321.wav,18.0,0,0,0,0,0,0,0,0,0,0
197321.wav,19.2,0,0,0,0,0,0,0,0,0,0
197321.wav,20.4,0,0,0,0,0,0,0,0,0,0
197321.wav,21.6,0,0,0,0,0,0,0,0,0,0
197321.wav,22.8,0,0,0,0,0,0,0,0,0,0
736343.wav,0.0,0,1,0,0,0,0,0,0,0,0
736343.wav,1.2,0,1,0,0,0,0,0,0,0,0
736343.wav,2.4,0,1,0,0,0,0,0,0,0,0
736343.wav,3.6,0,1,0,0,0,0,0,0,0,0
736343.wav,4.8,0,1,0,0,0,0,0,0,0,0
736343.wav,6.0,0,1,0,0,0,0,0,0,0,0
736343.wav,7.2,0,1,0,0,0,0,0,0,0,0
736343.wav,8.4,0,1,0,0,0,0,0,0,0,0
736343.wav,9.6,0,1,0,0,0,0,0,0,0,0
736343.wav,10.8,0,1,0,0,0,0,0,0,0,0
736343.wav,12.0,0,1,0,0,0,0,0,0,0,0
736343.wav,13.2,0,1,0,0,0,0,0,0,0,0
736343.wav,14.4,0,1,0,0,0,0,0,0,0,0
736343.wav,15.6,0,1,0,0,0,0,0,0,0,0
736343.wav,16.8,0,1,0,0,0,0,0,0,0,0
736343.wav,18.0,0,1,0,0,0,0,0,0,0,0
736343.wav,19.2,0,1,0,0,0,0,0,0,0,0
736343.wav,20.4,0,1,0,0,0,0,0,0,0,0
736343.wav,21.6,0,1,0,0,0,0,0,0,0,0
736343.wav,22.8,0,1,0,0,0,0,0,0,0,0
736343.wav,24.0,0,1,0,0,0,0,0,0,0,0
736343.wav,25.2,0,1,0,0,0,0,0,0,0,0
736343.wav,26.4,0,1,0,0,0,0,0,0,0,0
136978.wav,0.0,1,0,0,0,0,0,0,0,0,0
136978.wav,1.2,1,0,0,0,0,0,0,0,0,0
136978.wav,2.4,1,0,0,0,0,0,0,0,0,0
136978.wav,3.6,1,0,0,0,0,0,0,0,0,0
136978.wav,4.8,1,0,0,0,0,0,0,0,0,0
136978.wav,6.0,1,0,0,0,0,0,0,0,0,0
136978.wav,7.2,1,0,0,0,0,0,0,0,0,0
136978.wav,8.4,1,0,0,0,0,0,0,0,0,0
136978.wav,9.6,1,0,0,0,0,0,0,0,0,0
136978.wav,10.8,1,0,0,0,0,0,0,0,0,0
136978.wav,12.0,1,0,0,0,0,0,0,0,0,0
136978.wav,13.2,1,0,0,0,0,0,0,0,0,0
136978.wav,14.4,1,0,0,0,0,0,0,0,0,0
136978.wav,15.6,1,0,0,0,0,0,0,0,0,0
136978.wav,16.8,1,0,0,0,0,0,0,0,0,0
136978.wav,18.0,1,0,0,0,0,0,0,0,0,0
184725.wav,0.0,0,0,0,0,0,0,1,0,0,0
184725.wav,1.2,0,0,0,0,0,0,1,0,0,0
184725.wav,2.4,0,0,0,0,0,0,1,0,0,0
184725.wav,3.6,0,0,0,0,0,0,1,0,0,0
184725.wav,4.8,0,0,0,0,0,0,1,0,0,0
184725.wav,6.0,1,0,0,0,0,0,1,0,0,0
184725.wav,7.2,1,0,0,0,0,0,1,0,0,0
184725.wav,8.4,0,0,0,0,0,0,1,0,0,0
184725.wav,9.6,0,0,0,0,0,0,1,0,0,0
184725.wav,10.8,0,0,0,0,0,0,1,0,0,0
184725.wav,12.0,0,0,0,0,0,0,1,0,0,0
184725.wav,13.2,0,0,0,0,0,0,1,0,0,0
184725.wav,14.4,0,0,0,0,0,0,1,0,0,0
184725.wav,15.6,0,0,0,0,0,0,1,0,0,0
184725.wav,16.8,0,0,0,0,0,0,1,0,0,0
184725.wav,18.0,0,0,0,0,0,0,1,0,0,0
184725.wav,19.2,0,0,0,0,0,0,1,0,0,0
184725.wav,20.4,0,0,0,0,0,0,1,0,0,0
184725.wav,21.6,0,0,0,0,0,0,1,0,0,0
184725.wav,22.8,1,0,0,0,0,0,0,0,0,0
184725.wav,24.0,0,0,0,0,0,0,0,0,0,0
623564.wav,0.0,0,1,0,0,0,0,0,0,0,0
623564.wav,1.2,0,1,0,0,0,0,0,0,0,0
623564.wav,2.4,0,0,0,0,0,0,0,0,0,0
623564.wav,3.6,0,0,0,0,0,0,0,0,0,0
623564.wav,4.8,0,0,0,0,0,0,0,0,0,0
623564.wav,6.0,0,0,0,0,0,0,0,0,0,0
623564.wav,7.2,0,0,0,0,0,0,0,0,0,0
623564.wav,8.4,0,0,0,0,0,0,0,0,0,0
623564.wav,9.6,0,0,0,0,0,0,0,0,0,0
623564.wav,10.8,0,0,0,0,0,0,0,0,0,0
623564.wav,12.0,0,0,0,0,0,0,0,0,0,0
623564.wav,13.2,0,0,0,0,0,0,0,0,0,0
623564.wav,14.4,0,0,0,0,0,0,0,0,0,0
623564.wav,15.6,0,0,0,0,0,0,0,0,0,0
425369.wav,0.0,1,0,0,0,0,0,0,0,0,0
425369.wav,1.2,1,0,0,0,0,0,0,0,0,0
425369.wav,2.4,1,0,0,0,0,0,0,0,0,0
425369.wav,3.6,1,0,0,0,0,0,0,0,0,0
425369.wav,4.8,1,0,0,0,0,0,0,0,0,0
425369.wav,6.0,1,0,0,0,0,0,0,0,0,0
425369.wav,7.2,1,0,0,0,0,0,0,0,0,0
425369.wav,8.4,1,0,0,0,0,0,0,0,0,0
425369.wav,9.6,1,0,0,0,0,0,0,0,0,0
425369.wav,10.8,1,0,0,0,0,0,0,0,0,0
425369.wav,12.0,1,0,0,0,0,0,0,0,0,0
425369.wav,13.2,1,0,0,0,0,0,0,0,0,0
425369.wav,14.4,1,0,0,0,0,0,0,0,0,0
425369.wav,15.6,1,0,0,0,0,0,0,0,0,0
624007.wav,0.0,1,1,0,0,0,0,0,0,0,0
624007.wav,1.2,1,1,0,0,0,0,0,0,0,0
624007.wav,2.4,1,1,0,0,0,0,0,0,0,0
624007.wav,3.6,1,1,0,0,0,0,0,0,0,0
624007.wav,4.8,1,1,0,0,0,0,0,0,0,0
624007.wav,6.0,1,1,0,0,0,0,0,0,0,0
624007.wav,7.2,1,1,0,0,0,0,0,0,0,0
624007.wav,8.4,1,1,0,0,0,0,0,0,0,0
624007.wav,9.6,1,1,0,0,0,0,0,0,0,0
624007.wav,10.8,1,1,0,0,0,0,0,0,0,0
624007.wav,12.0,1,1,0,0,0,0,0,0,0,0
624007.wav,13.2,1,1,0,0,0,0,0,0,0,0
624007.wav,14.4,1,1,0,0,0,0,0,0,0,0
624007.wav,15.6,1,1,0,0,0,0,0,0,0,0
624007.wav,16.8,1,1,0,0,0,0,0,0,0,0
624007.wav,18.0,1,1,0,0,0,0,0,0,0,0
706149.wav,0.0,0,0,0,0,0,0,0,0,0,0
706149.wav,1.2,1,0,0,0,0,0,0,0,0,0
706149.wav,2.4,1,0,0,0,0,0,0,0,0,0
706149.wav,3.6,1,0,0,0,0,0,0,0,0,0
706149.wav,4.8,1,0,0,0,0,0,0,0,0,0
706149.wav,6.0,0,0,0,0,0,0,0,0,0,0
706149.wav,7.2,1,0,0,0,0,0,0,0,0,0
706149.wav,8.4,1,0,0,0,0,0,0,0,0,0
706149.wav,9.6,1,0,0,0,0,0,0,0,0,0
706149.wav,10.8,1,0,0,0,0,0,0,0,0,0
706149.wav,12.0,1,0,0,0,0,0,0,0,0,0
706149.wav,13.2,1,0,0,0,0,0,0,0,0,0
706149.wav,14.4,1,0,0,0,0,0,0,0,0,0
706149.wav,15.6,0,0,0,0,0,0,0,0,0,0
706149.wav,16.8,0,0,0,0,0,0,0,0,0,0
706149.wav,18.0,0,0,0,0,0,0,0,0,0,0
706149.wav,19.2,1,0,0,0,0,0,0,0,0,0
706149.wav,20.4,1,0,0,0,0,0,0,0,0,0
706149.wav,21.6,1,0,0,0,0,0,0,0,0,0
706149.wav,22.8,1,0,0,0,0,0,0,0,0,0
706149.wav,24.0,0,0,0,0,0,0,0,0,0,0
706149.wav,25.2,0,0,0,0,0,0,0,0,0,0
706149.wav,26.4,0,0,0,0,0,0,0,0,0,0
706149.wav,27.6,0,0,0,0,0,0,0,0,0,0
706149.wav,28.8,0,0,0,0,0,0,0,0,0,0
26011.wav,0.0,1,0,0,0,0,0,0,0,0,0
26011.wav,1.2,1,0,0,0,0,0,0,0,0,0
26011.wav,2.4,1,0,0,0,0,0,0,0,0,0
26011.wav,3.6,1,0,0,0,0,0,0,0,0,0
26011.wav,4.8,1,0,0,0,0,0,0,0,0,0
26011.wav,6.0,1,0,0,0,0,0,0,0,0,0
26011.wav,7.2,1,0,0,0,0,0,0,0,0,0
26011.wav,8.4,1,0,0,0,0,0,0,0,0,0
26011.wav,9.6,1,0,0,0,0,0,0,0,0,0
26011.wav,10.8,1,0,0,0,0,0,0,0,0,0
26011.wav,12.0,1,0,0,0,0,0,0,0,0,0
26011.wav,13.2,1,0,0,0,0,0,0,0,0,0
26011.wav,14.4,0,0,0,0,0,0,0,0,0,0
26011.wav,15.6,1,0,0,0,0,0,0,0,0,0
26011.wav,16.8,1,0,0,0,0,0,0,0,0,0
26011.wav,18.0,1,0,0,0,0,0,0,0,0,0
26011.wav,19.2,1,0,0,0,0,0,0,0,0,0
26011.wav,20.4,1,0,0,0,0,0,0,0,0,0
26011.wav,21.6,1,0,0,0,0,0,0,0,0,0
26011.wav,22.8,1,0,0,0,0,0,0,0,0,0
668922.wav,0.0,1,0,0,0,0,0,0,0,0,0
668922.wav,1.2,1,0,0,0,0,0,0,0,0,0
668922.wav,2.4,1,0,0,0,0,0,0,0,0,0
668922.wav,3.6,1,0,0,0,0,0,0,0,0,0
668922.wav,4.8,1,0,0,0,0,0,0,0,0,0
668922.wav,6.0,1,0,0,0,0,0,0,0,0,0
668922.wav,7.2,1,0,0,0,0,0,0,0,0,0
668922.wav,8.4,1,0,0,0,0,0,0,0,0,0
668922.wav,9.6,1,0,0,0,0,0,0,0,0,0
668922.wav,10.8,1,0,0,0,0,0,0,0,0,0
668922.wav,12.0,1,0,0,0,0,0,0,0,0,0
668922.wav,13.2,1,0,0,0,0,0,0,0,0,0
668922.wav,14.4,1,0,0,0,0,0,0,0,0,0
668922.wav,15.6,1,0,0,0,0,0,0,0,0,0
668922.wav,16.8,1,0,0,0,0,0,0,0,0,0
668922.wav,18.0,1,0,0,0,0,0,0,0,0,0
668922.wav,19.2,1,0,0,0,0,0,0,0,0,0
668922.wav,20.4,1,0,0,0,0,0,0,0,0,0
668922.wav,21.6,1,0,0,0,0,0,0,0,0,0
668922.wav,22.8,1,0,0,0,0,0,0,0,0,0
668922.wav,24.0,1,0,0,0,0,0,0,0,0,0
668922.wav,25.2,1,0,0,0,0,0,0,0,0,0
493250.wav,0.0,1,0,0,0,0,0,0,0,0,0
493250.wav,1.2,1,0,0,0,0,0,0,0,0,0
493250.wav,2.4,1,0,0,0,0,0,0,0,0,0
493250.wav,3.6,1,0,0,0,0,0,0,0,0,0
493250.wav,4.8,1,0,0,0,0,0,0,0,0,0
493250.wav,6.0,1,0,0,0,0,0,0,0,0,0
493250.wav,7.2,1,0,0,0,0,0,0,0,0,0
493250.wav,8.4,1,0,0,0,0,0,0,0,0,0
493250.wav,9.6,1,0,0,0,0,0,0,0,0,0
493250.wav,10.8,1,0,0,0,0,0,0,0,0,0
493250.wav,12.0,1,0,0,0,0,0,0,0,0,0
493250.wav,13.2,1,0,0,0,0,0,0,0,0,0
493250.wav,14.4,1,0,0,0,0,0,0,0,0,0
493250.wav,15.6,1,0,0,0,0,0,0,0,0,0
449885.wav,0.0,1,0,0,0,0,0,0,0,0,0
449885.wav,1.2,1,0,0,0,0,0,0,0,0,0
449885.wav,2.4,1,0,0,0,0,0,0,0,0,0
449885.wav,3.6,1,0,0,0,0,0,0,0,0,0
449885.wav,4.8,1,0,0,0,0,0,0,0,0,0
449885.wav,6.0,1,0,0,0,0,0,0,0,0,0
449885.wav,7.2,1,0,0,0,0,0,0,0,0,0
449885.wav,8.4,1,0,0,0,0,0,0,0,0,0
449885.wav,9.6,1,0,0,0,0,0,0,0,0,0
449885.wav,10.8,1,0,0,0,0,0,0,0,0,0
449885.wav,12.0,1,0,0,0,0,0,0,0,0,0
449885.wav,13.2,1,0,0,0,0,0,0,0,0,0
449885.wav,14.4,1,0,0,0,0,0,0,0,0,0
449885.wav,15.6,1,0,0,0,0,0,0,0,0,0
449885.wav,16.8,1,0,0,0,0,0,0,0,0,0
449885.wav,18.0,1,0,0,0,0,0,0,0,0,0
449885.wav,19.2,1,0,0,0,0,0,0,0,0,0
449885.wav,20.4,1,0,0,0,0,0,0,0,0,0
449885.wav,21.6,1,0,0,0,0,0,0,0,0,0
449885.wav,22.8,1,0,0,0,0,0,0,0,0,0
449885.wav,24.0,1,0,0,0,0,0,0,0,0,0
449885.wav,25.2,1,0,0,0,0,0,0,0,0,0
449885.wav,26.4,1,0,0,0,0,0,0,0,0,0
449885.wav,27.6,0,0,0,0,0,0,0,0,0,0
449885.wav,28.8,0,0,0,0,0,0,0,0,0,0
22026.wav,0.0,1,0,0,0,0,0,0,0,0,0
22026.wav,1.2,1,0,0,0,0,0,0,0,0,0
22026.wav,2.4,1,0,0,0,0,0,0,0,0,0
22026.wav,3.6,1,0,0,0,0,0,0,0,0,0
22026.wav,4.8,1,0,0,0,0,0,0,0,0,0
22026.wav,6.0,1,0,0,0,0,0,0,0,0,0
22026.wav,7.2,1,0,0,0,0,0,0,0,0,0
22026.wav,8.4,1,0,0,0,0,0,0,0,0,0
22026.wav,9.6,1,0,0,0,0,0,0,0,0,0
22026.wav,10.8,1,0,0,0,0,0,0,0,0,0
22026.wav,12.0,1,0,0,0,0,0,0,0,0,0
22026.wav,13.2,1,0,0,0,0,0,0,0,0,0
22026.wav,14.4,1,0,0,0,0,0,0,0,0,0
22026.wav,15.6,1,0,0,0,0,0,0,0,0,0
22026.wav,16.8,1,0,0,0,0,0,0,0,0,0
22026.wav,18.0,1,0,0,0,0,0,0,0,0,0
22026.wav,19.2,1,0,0,0,0,0,0,0,0,0
216565.wav,0.0,0,0,0,0,0,0,0,0,0,0
216565.wav,1.2,0,0,0,0,0,0,0,0,0,0
216565.wav,2.4,0,0,0,0,0,0,0,0,0,0
216565.wav,3.6,0,0,0,0,0,0,0,0,0,0
216565.wav,4.8,0,0,0,0,0,0,0,0,0,0
216565.wav,6.0,0,0,0,0,0,0,0,0,0,0
216565.wav,7.2,1,0,0,0,0,0,0,0,0,0
216565.wav,8.4,0,0,0,0,0,0,0,0,0,0
216565.wav,9.6,0,0,0,0,0,0,0,0,0,0
216565.wav,10.8,0,0,0,0,0,0,0,0,0,0
216565.wav,12.0,0,0,0,0,0,0,0,0,0,0
216565.wav,13.2,0,0,0,0,0,0,0,0,0,0
216565.wav,14.4,1,0,0,0,0,0,0,0,0,0
216565.wav,15.6,1,0,0,0,0,0,0,0,0,0
216565.wav,16.8,1,0,0,0,0,0,0,0,0,0
216565.wav,18.0,1,0,0,0,0,0,0,0,0,0
216565.wav,19.2,1,0,0,0,0,0,0,0,0,0
216565.wav,20.4,1,0,0,0,0,0,0,0,0,0
258099.wav,0.0,0,0,0,0,0,0,0,0,0,0
258099.wav,1.2,0,0,0,0,0,0,0,0,0,0
258099.wav,2.4,0,0,0,0,0,0,0,0,0,0
258099.wav,3.6,0,0,0,0,0,0,0,0,0,0
258099.wav,4.8,0,0,0,0,0,0,0,0,0,0
258099.wav,6.0,0,0,0,0,0,0,0,0,0,0
258099.wav,7.2,0,0,0,0,0,0,0,0,0,0
258099.wav,8.4,0,0,0,0,0,0,0,0,0,0
258099.wav,9.6,0,0,0,0,0,0,0,0,0,0
258099.wav,10.8,0,0,0,0,0,0,0,0,0,0
258099.wav,12.0,0,0,0,0,0,0,0,0,0,0
258099.wav,13.2,0,0,0,0,0,0,0,0,0,0
258099.wav,14.4,0,0,0,0,0,0,0,0,0,0
258099.wav,15.6,0,0,0,0,0,0,0,0,0,0
258099.wav,16.8,0,0,0,0,0,0,0,0,0,0
258099.wav,18.0,0,0,0,0,0,0,0,0,0,0
258099.wav,19.2,0,0,0,0,0,0,0,0,0,0
258099.wav,20.4,0,0,0,0,0,0,0,0,0,0
644688.wav,0.0,0,1,0,0,0,0,0,0,0,0
644688.wav,1.2,0,1,0,0,0,0,0,0,0,0
644688.wav,2.4,0,1,0,0,0,0,0,0,0,0
644688.wav,3.6,0,1,0,0,0,0,0,0,0,0
644688.wav,4.8,0,1,0,0,0,0,0,0,0,0
644688.wav,6.0,0,1,0,0,0,0,0,0,0,0
644688.wav,7.2,0,1,0,0,0,0,0,0,0,0
644688.wav,8.4,0,1,0,0,0,0,0,0,0,0
644688.wav,9.6,0,1,0,0,0,0,0,0,0,0
644688.wav,10.8,0,1,0,0,0,0,0,0,0,0
644688.wav,12.0,0,1,0,0,0,0,0,0,0,0
644688.wav,13.2,0,1,0,0,0,0,0,0,0,0
644688.wav,14.4,0,1,0,0,0,0,0,0,0,0
644688.wav,15.6,0,1,0,0,0,0,0,0,0,0
644688.wav,16.8,0,1,0,0,0,0,0,0,0,0
644688.wav,18.0,0,1,0,0,0,0,0,0,0,0
46140.wav,0.0,1,0,0,0,0,0,0,0,0,0
46140.wav,1.2,1,0,0,0,0,0,0,0,0,0
46140.wav,2.4,1,0,0,0,0,0,0,0,0,0
46140.wav,3.6,1,0,0,0,0,0,0,0,0,0
46140.wav,4.8,1,0,0,0,0,0,0,0,0,0
46140.wav,6.0,1,0,0,0,0,0,0,0,0,0
46140.wav,7.2,1,0,0,0,0,0,0,0,0,0
46140.wav,8.4,1,0,0,0,0,0,0,0,0,0
46140.wav,9.6,1,0,0,0,0,0,0,0,0,0
46140.wav,10.8,1,0,0,0,0,0,0,0,0,0
46140.wav,12.0,1,0,0,0,0,0,0,0,0,0
46140.wav,13.2,1,0,0,0,0,0,0,0,0,0
46140.wav,14.4,1,0,0,0,0,0,0,0,0,0
46140.wav,15.6,1,0,0,0,0,0,0,0,0,0
46140.wav,16.8,1,0,0,0,0,0,0,0,0,0
46140.wav,18.0,1,0,0,0,0,0,0,0,0,0
46140.wav,19.2,1,0,0,0,0,0,0,0,0,0
46140.wav,20.4,1,0,0,0,0,0,0,0,0,0
46140.wav,21.6,1,0,0,0,0,0,0,0,0,0
46140.wav,22.8,1,0,0,0,0,0,0,0,0,0
46140.wav,24.0,1,0,0,0,0,0,0,0,0,0
46140.wav,25.2,1,0,0,0,0,0,0,0,0,0
46140.wav,26.4,1,0,0,0,0,0,0,0,0,0
46140.wav,27.6,1,0,0,0,0,0,0,0,0,0
46140.wav,28.8,1,0,0,0,0,0,0,0,0,0
277755.wav,0.0,1,0,0,0,0,0,0,0,0,0
277755.wav,1.2,1,0,0,0,0,0,0,0,0,0
277755.wav,2.4,1,0,0,0,0,0,0,0,0,0
277755.wav,3.6,1,0,0,0,0,0,0,0,0,0
277755.wav,4.8,1,0,0,0,0,0,0,0,0,0
277755.wav,6.0,1,0,0,0,0,0,0,0,0,0
277755.wav,7.2,1,0,0,0,0,0,0,0,0,0
277755.wav,8.4,1,0,0,0,0,0,0,0,0,0
277755.wav,9.6,1,0,0,0,0,0,0,0,0,0
277755.wav,10.8,1,0,0,0,0,0,0,0,0,0
277755.wav,12.0,1,0,0,0,0,0,0,0,0,0
277755.wav,13.2,1,0,0,0,0,0,0,0,0,0
277755.wav,14.4,1,0,0,0,0,0,0,0,0,0
277755.wav,15.6,1,0,0,0,0,0,0,0,0,0
277755.wav,16.8,1,0,0,0,0,0,0,0,0,0
277755.wav,18.0,1,0,0,0,0,0,0,0,0,0
277755.wav,19.2,1,0,0,0,0,0,0,0,0,0
277755.wav,20.4,1,0,0,0,0,0,0,0,0,0
451371.wav,0.0,0,1,0,0,0,0,0,0,1,0
451371.wav,1.2,1,1,0,0,0,0,0,0,1,0
451371.wav,2.4,1,1,0,0,0,0,0,0,1,0
451371.wav,3.6,1,1,0,0,0,0,0,0,1,0
451371.wav,4.8,1,1,0,0,0,0,0,0,1,0
451371.wav,6.0,0,1,0,0,0,0,0,0,1,0
451371.wav,7.2,0,1,0,0,0,0,0,0,1,0
451371.wav,8.4,0,1,0,0,0,0,0,0,1,0
451371.wav,9.6,1,1,0,0,0,0,0,0,1,0
451371.wav,10.8,1,1,0,0,0,0,0,0,1,0
451371.wav,12.0,1,1,0,0,0,0,0,0,1,0
451371.wav,13.2,1,1,0,0,0,0,0,0,1,0
451371.wav,14.4,1,1,0,0,0,0,0,0,1,0
451371.wav,15.6,0,1,0,0,0,0,0,0,1,0
451371.wav,16.8,0,1,0,0,0,0,0,0,1,0
451371.wav,18.0,0,1,0,0,0,0,0,0,1,0
451371.wav,19.2,0,1,0,0,0,0,0,0,1,0
451371.wav,20.4,0,1,0,0,0,0,0,0,1,0
451371.wav,21.6,0,1,0,0,0,0,0,0,1,0
451371.wav,22.8,0,1,0,0,0,0,0,0,1,0
451371.wav,24.0,0,1,0,0,0,0,0,0,1,0
315655.wav,0.0,1,0,0,0,0,0,0,0,0,0
315655.wav,1.2,1,0,0,0,0,0,0,0,0,0
315655.wav,2.4,1,0,0,0,0,0,0,0,0,0
315655.wav,3.6,1,0,0,0,0,0,0,0,0,0
315655.wav,4.8,1,0,0,0,0,0,0,0,0,0
315655.wav,6.0,1,0,0,0,0,0,0,0,0,0
315655.wav,7.2,1,0,0,0,0,0,0,0,0,0
315655.wav,8.4,1,0,0,0,0,0,0,0,0,0
315655.wav,9.6,1,0,0,0,0,0,0,0,0,0
315655.wav,10.8,1,0,0,0,0,0,0,0,0,0
315655.wav,12.0,1,0,0,0,0,0,0,0,0,0
315655.wav,13.2,1,0,0,0,0,0,0,0,0,0
315655.wav,14.4,1,0,0,0,0,0,0,0,0,0
315655.wav,15.6,1,0,0,0,0,0,0,0,0,0
315655.wav,16.8,1,0,0,0,0,0,0,0,0,0
315655.wav,18.0,1,0,0,0,0,0,0,0,0,0
315655.wav,19.2,1,0,0,0,0,0,0,0,0,0
315655.wav,20.4,1,0,0,0,0,0,0,0,0,0
315655.wav,21.6,1,0,0,0,0,0,0,0,0,0
315655.wav,22.8,1,0,0,0,0,0,0,0,0,0
315655.wav,24.0,1,0,0,0,0,0,0,0,0,0
315655.wav,25.2,1,0,0,0,0,0,0,0,0,0
315655.wav,26.4,1,0,0,0,0,0,0,0,0,0
315655.wav,27.6,1,0,0,0,0,0,0,0,0,0
315655.wav,28.8,1,0,0,0,0,0,0,0,0,0
735308.wav,0.0,1,0,0,0,0,0,0,0,0,0
735308.wav,1.2,1,0,0,0,0,0,0,0,0,0
735308.wav,2.4,1,0,0,0,0,0,0,0,0,0
735308.wav,3.6,1,0,0,0,0,0,0,0,0,0
735308.wav,4.8,1,0,0,0,0,0,0,0,0,0
735308.wav,6.0,1,0,0,0,0,0,0,0,0,0
735308.wav,7.2,1,0,0,0,0,0,0,0,0,0
735308.wav,8.4,1,0,0,0,0,0,0,0,0,0
735308.wav,9.6,1,0,0,0,0,0,0,0,0,0
735308.wav,10.8,1,0,0,0,0,0,0,0,0,0
735308.wav,12.0,1,0,0,0,0,0,0,0,0,0
735308.wav,13.2,1,0,0,0,0,0,0,0,0,0
735308.wav,14.4,1,0,0,0,0,0,0,0,0,0
735308.wav,15.6,1,0,0,0,0,0,0,0,0,0
709281.wav,0.0,1,1,0,0,0,0,0,0,0,0
709281.wav,1.2,1,1,0,0,0,0,0,0,0,0
709281.wav,2.4,1,1,0,0,0,0,0,0,0,0
709281.wav,3.6,1,1,0,0,0,0,0,0,0,0
709281.wav,4.8,1,1,0,0,0,0,0,0,0,0
709281.wav,6.0,1,1,0,0,0,0,0,0,0,0
709281.wav,7.2,1,1,0,0,0,0,0,0,0,0
709281.wav,8.4,1,1,0,0,0,0,0,0,0,0
709281.wav,9.6,1,1,0,0,0,0,0,0,0,0
709281.wav,10.8,1,1,0,0,0,0,0,0,0,0
709281.wav,12.0,1,1,0,0,0,0,0,0,0,0
709281.wav,13.2,1,1,0,0,0,0,0,0,0,0
709281.wav,14.4,1,1,0,0,0,0,0,0,0,0
709281.wav,15.6,1,1,0,0,0,0,0,0,0,0
204528.wav,0.0,0,0,0,0,0,0,0,0,0,0
204528.wav,1.2,0,0,0,0,0,0,0,0,0,0
204528.wav,2.4,0,0,0,0,0,0,0,0,0,0
204528.wav,3.6,0,0,0,0,0,0,0,0,0,0
204528.wav,4.8,0,0,0,0,0,0,0,0,0,0
204528.wav,6.0,0,0,0,0,0,0,0,0,0,0
204528.wav,7.2,0,0,0,0,0,0,0,0,0,0
204528.wav,8.4,1,0,0,0,0,0,0,0,0,0
204528.wav,9.6,1,0,0,0,0,0,0,0,0,0
204528.wav,10.8,0,0,0,0,0,0,0,0,0,0
204528.wav,12.0,0,0,0,0,0,0,0,0,0,0
204528.wav,13.2,0,0,0,0,0,0,0,0,0,0
204528.wav,14.4,0,0,0,0,0,0,0,0,0,0
204528.wav,15.6,0,0,0,0,0,0,0,0,0,0
204528.wav,16.8,0,0,0,0,0,0,0,0,0,0
204528.wav,18.0,0,0,0,0,0,0,0,0,0,0
204528.wav,19.2,0,0,0,0,0,0,0,0,0,0
204528.wav,20.4,0,0,0,0,0,0,0,0,0,0
204528.wav,21.6,0,0,0,0,0,0,0,0,0,0
204528.wav,22.8,0,0,0,0,0,0,0,0,0,0
204528.wav,24.0,0,0,0,0,0,0,0,0,0,0
204528.wav,25.2,0,0,0,0,0,0,0,0,0,0
204528.wav,26.4,0,0,0,0,0,0,0,0,0,0
204528.wav,27.6,0,0,0,0,0,0,0,0,0,0
137009.wav,0.0,1,0,0,0,0,0,0,0,0,0
137009.wav,1.2,1,0,0,0,0,0,0,0,0,0
137009.wav,2.4,1,0,0,0,0,0,0,0,0,0
137009.wav,3.6,1,0,0,0,0,0,0,0,0,0
137009.wav,4.8,1,0,0,0,0,0,0,0,0,0
137009.wav,6.0,1,0,0,0,0,0,0,0,0,0
137009.wav,7.2,1,0,0,0,0,0,0,0,0,0
137009.wav,8.4,1,0,0,0,0,0,0,0,0,0
137009.wav,9.6,1,0,0,0,0,0,0,0,0,0
137009.wav,10.8,1,0,0,0,0,0,0,0,0,0
137009.wav,12.0,1,0,0,0,0,0,0,0,0,0
137009.wav,13.2,1,0,0,0,0,0,0,0,0,0
137009.wav,14.4,1,0,0,0,0,0,0,0,0,0
137009.wav,15.6,1,0,0,0,0,0,0,0,0,0
137009.wav,16.8,1,0,0,0,0,0,0,0,0,0
137009.wav,18.0,1,0,0,0,0,0,0,0,0,0
137009.wav,19.2,1,0,0,0,0,0,0,0,0,0
137009.wav,20.4,1,0,0,0,0,0,0,0,0,0
137009.wav,21.6,1,0,0,0,0,0,0,0,0,0
137009.wav,22.8,1,0,0,0,0,0,0,0,0,0
137009.wav,24.0,1,0,0,0,0,0,0,0,0,0
137009.wav,25.2,1,0,0,0,0,0,0,0,0,0
137009.wav,26.4,1,0,0,0,0,0,0,0,0,0
137009.wav,27.6,1,0,0,0,0,0,0,0,0,0
137009.wav,28.8,1,0,0,0,0,0,0,0,0,0
135861.wav,0.0,1,0,0,0,0,0,0,0,0,0
135861.wav,1.2,1,0,0,0,0,0,0,0,0,0
135861.wav,2.4,1,0,0,0,0,0,0,0,0,0
135861.wav,3.6,1,0,0,0,0,0,0,0,0,0
135861.wav,4.8,1,0,0,0,0,0,0,0,0,0
135861.wav,6.0,1,0,0,0,0,0,0,0,0,0
135861.wav,7.2,1,0,0,0,0,0,0,0,0,0
135861.wav,8.4,1,0,0,0,0,0,0,0,0,0
135861.wav,9.6,1,0,0,0,0,0,0,0,0,0
135861.wav,10.8,1,0,0,0,0,0,0,0,0,0
135861.wav,12.0,1,0,0,0,0,0,0,0,0,0
135861.wav,13.2,1,0,0,0,0,0,0,0,0,0
135861.wav,14.4,1,0,0,0,0,0,0,0,0,0
101847.wav,0.0,1,0,0,0,0,0,0,0,0,0
101847.wav,1.2,1,0,0,0,0,0,0,0,0,0
101847.wav,2.4,1,0,0,0,0,0,0,0,0,0
101847.wav,3.6,1,0,0,0,0,0,0,0,0,0
101847.wav,4.8,1,0,0,0,0,0,0,0,0,0
101847.wav,6.0,1,0,0,0,0,0,0,0,0,0
101847.wav,7.2,1,0,0,0,0,0,0,0,0,0
101847.wav,8.4,1,0,0,0,0,0,0,0,0,0
101847.wav,9.6,1,0,0,0,0,0,0,0,0,0
101847.wav,10.8,1,0,0,0,0,0,0,0,0,0
101847.wav,12.0,1,0,0,0,0,0,0,0,0,0
101847.wav,13.2,1,0,0,0,0,0,0,0,0,0
101847.wav,14.4,1,0,0,0,0,0,0,0,0,0
101847.wav,15.6,1,0,0,0,0,0,0,0,0,0
101847.wav,16.8,1,0,0,0,0,0,0,0,0,0
101847.wav,18.0,1,0,0,0,0,0,0,0,0,0
101847.wav,19.2,1,0,0,0,0,0,0,0,0,0
101847.wav,20.4,1,0,0,0,0,0,0,0,0,0
101847.wav,21.6,1,0,0,0,0,0,0,0,0,0
435099.wav,0.0,0,0,0,0,0,0,0,0,0,0
435099.wav,1.2,0,0,0,0,0,0,0,0,0,0
435099.wav,2.4,0,0,0,0,0,0,0,0,0,0
435099.wav,3.6,0,0,0,0,0,0,0,0,0,0
435099.wav,4.8,0,0,0,0,0,0,0,0,0,0
435099.wav,6.0,0,0,0,0,0,0,0,0,0,0
435099.wav,7.2,0,0,0,0,0,0,0,0,0,0
435099.wav,8.4,0,0,0,0,0,0,0,0,0,0
435099.wav,9.6,0,0,0,0,0,0,0,0,0,0
435099.wav,10.8,0,0,0,0,0,0,0,0,0,0
435099.wav,12.0,0,0,0,0,0,0,0,0,0,0
435099.wav,13.2,0,0,0,0,0,0,0,0,0,0
435099.wav,14.4,0,0,0,0,0,0,0,0,0,0
435099.wav,15.6,0,0,0,0,0,0,0,0,0,0
435099.wav,16.8,0,0,0,0,0,0,0,0,0,0
435099.wav,18.0,0,0,0,0,0,0,0,0,0,0
435099.wav,19.2,0,0,0,0,0,0,0,0,0,0
435099.wav,20.4,0,0,0,0,0,0,0,0,0,0
435099.wav,21.6,0,0,0,0,0,0,0,0,0,0
455958.wav,0.0,1,1,0,0,0,0,0,0,0,0
455958.wav,1.2,1,1,0,0,0,0,0,0,0,0
455958.wav,2.4,1,1,0,0,0,0,0,0,0,0
455958.wav,3.6,1,1,0,0,0,0,0,0,0,0
455958.wav,4.8,1,1,0,0,0,0,0,0,0,0
455958.wav,6.0,1,1,0,0,0,0,0,0,0,0
455958.wav,7.2,1,1,0,0,0,0,0,0,0,0
455958.wav,8.4,1,1,0,0,0,0,0,0,0,0
455958.wav,9.6,1,1,0,0,0,0,0,0,0,0
455958.wav,10.8,1,1,0,0,0,0,0,0,0,0
455958.wav,12.0,1,1,0,0,0,0,0,0,0,0
455958.wav,13.2,1,1,0,0,0,0,0,0,0,0
455958.wav,14.4,1,1,0,0,0,0,0,0,0,0
455958.wav,15.6,1,1,0,0,0,0,0,0,0,0
455958.wav,16.8,1,1,0,0,0,0,0,0,0,0
455958.wav,18.0,1,1,0,0,0,0,0,0,0,0
323680.wav,0.0,1,0,0,0,0,0,0,0,0,0
323680.wav,1.2,1,0,0,0,0,0,0,0,0,0
323680.wav,2.4,1,0,0,0,0,0,0,0,0,0
323680.wav,3.6,1,0,0,0,0,0,0,0,0,0
323680.wav,4.8,1,0,0,0,0,0,0,0,0,0
323680.wav,6.0,1,0,0,0,0,0,0,0,0,0
323680.wav,7.2,1,0,0,0,0,0,0,0,0,0
323680.wav,8.4,1,0,0,0,0,0,0,0,0,0
323680.wav,9.6,1,0,0,0,0,0,0,0,0,0
323680.wav,10.8,1,0,0,0,0,0,0,0,0,0
323680.wav,12.0,1,0,0,0,0,0,0,0,0,0
323680.wav,13.2,1,0,0,0,0,0,0,0,0,0
323680.wav,14.4,1,0,0,0,0,0,0,0,0,0
323680.wav,15.6,1,0,0,0,0,0,0,0,0,0
323680.wav,16.8,1,0,0,0,0,0,0,0,0,0
323680.wav,18.0,1,0,0,0,0,0,0,0,0,0
323680.wav,19.2,1,0,0,0,0,0,0,0,0,0
323680.wav,20.4,1,0,0,0,0,0,0,0,0,0
323680.wav,21.6,1,0,0,0,0,0,0,0,0,0
323680.wav,22.8,1,0,0,0,0,0,0,0,0,0
323680.wav,24.0,1,0,0,0,0,0,0,0,0,0
323680.wav,25.2,1,0,0,0,0,0,0,0,0,0
323680.wav,26.4,1,0,0,0,0,0,0,0,0,0
207146.wav,0.0,1,0,0,0,0,0,0,0,0,0
207146.wav,1.2,1,0,0,0,0,0,0,0,0,0
207146.wav,2.4,1,0,0,0,0,0,0,0,0,0
207146.wav,3.6,1,0,0,0,0,0,0,0,0,0
207146.wav,4.8,1,0,0,0,0,0,0,0,0,0
207146.wav,6.0,1,0,0,0,0,0,0,0,0,0
207146.wav,7.2,1,0,0,0,0,0,0,0,0,0
207146.wav,8.4,1,0,0,0,0,0,0,0,0,0
207146.wav,9.6,1,0,0,0,0,0,0,0,0,0
207146.wav,10.8,1,0,0,0,0,0,0,0,0,0
207146.wav,12.0,1,0,0,0,0,0,0,0,0,0
207146.wav,13.2,1,0,0,0,0,0,0,0,0,0
207146.wav,14.4,1,0,0,0,0,0,0,0,0,0
207146.wav,15.6,1,0,0,0,0,0,0,0,0,0
207146.wav,16.8,1,0,0,0,0,0,0,0,0,0
207146.wav,18.0,1,0,0,0,0,0,0,0,0,0
207146.wav,19.2,1,0,0,0,0,0,0,0,0,0
207146.wav,20.4,1,0,0,0,0,0,0,0,0,0
207146.wav,21.6,1,0,0,0,0,0,0,0,0,0
207146.wav,22.8,1,0,0,0,0,0,0,0,0,0
207146.wav,24.0,1,0,0,0,0,0,0,0,0,0
117813.wav,0.0,1,0,0,0,0,0,0,0,0,0
117813.wav,1.2,1,0,0,0,0,0,0,0,0,0
117813.wav,2.4,1,0,0,0,0,0,0,0,0,0
117813.wav,3.6,1,0,0,0,0,0,0,0,0,0
117813.wav,4.8,1,0,0,0,0,0,0,0,0,0
117813.wav,6.0,1,0,0,0,0,0,0,0,0,0
117813.wav,7.2,1,0,0,0,0,0,0,0,0,0
117813.wav,8.4,1,0,0,0,0,0,0,0,0,0
117813.wav,9.6,1,0,0,0,0,0,0,0,0,0
117813.wav,10.8,1,0,0,0,0,0,0,0,0,0
117813.wav,12.0,1,0,0,0,0,0,0,0,0,0
117813.wav,13.2,1,0,0,0,0,0,0,0,0,0
117813.wav,14.4,1,0,0,0,0,0,0,0,0,0
117813.wav,15.6,1,0,0,0,0,0,0,0,0,0
117813.wav,16.8,1,0,0,0,0,0,0,0,0,0
117813.wav,18.0,1,0,0,0,0,0,0,0,0,0
117813.wav,19.2,1,0,0,0,0,0,0,0,0,0
117813.wav,20.4,1,0,0,0,0,0,0,0,0,0
117813.wav,21.6,1,0,0,0,0,0,0,0,0,0
117813.wav,22.8,1,0,0,0,0,0,0,0,0,0
544076.wav,0.0,1,0,0,0,0,0,0,0,0,0
544076.wav,1.2,1,0,0,0,0,0,0,0,0,0
544076.wav,2.4,1,0,0,0,0,0,0,0,0,0
544076.wav,3.6,1,0,0,0,0,0,0,0,0,0
544076.wav,4.8,0,0,0,0,0,0,0,0,0,0
544076.wav,6.0,0,0,0,0,0,0,0,0,0,0
544076.wav,7.2,0,0,0,0,0,0,0,0,0,0
544076.wav,8.4,0,0,0,0,0,0,0,0,0,0
544076.wav,9.6,0,0,0,0,0,0,0,0,0,0
544076.wav,10.8,0,0,0,0,0,0,0,0,0,0
544076.wav,12.0,0,0,0,0,0,0,0,0,0,0
544076.wav,13.2,0,0,0,0,0,0,0,0,0,0
544076.wav,14.4,0,0,0,0,0,0,0,0,0,0
544076.wav,15.6,0,0,0,0,0,0,0,0,0,0
544076.wav,16.8,0,0,0,0,0,0,0,0,0,0
544076.wav,18.0,0,0,0,0,0,0,0,0,0,0
337707.wav,0.0,1,0,0,0,0,0,0,0,0,0
337707.wav,1.2,1,0,0,0,0,0,0,0,0,0
337707.wav,2.4,1,0,0,0,0,0,0,0,0,0
337707.wav,3.6,1,0,0,0,0,0,0,0,0,0
337707.wav,4.8,1,0,0,0,0,0,0,0,0,0
337707.wav,6.0,1,0,0,0,0,0,0,0,0,0
337707.wav,7.2,1,0,0,0,0,0,0,0,0,0
337707.wav,8.4,1,0,0,0,0,0,0,0,0,0
337707.wav,9.6,1,0,0,0,0,0,0,0,0,0
337707.wav,10.8,1,0,0,0,0,0,0,0,0,0
337707.wav,12.0,1,0,0,0,0,0,0,0,0,0
337707.wav,13.2,1,0,0,0,0,0,0,0,0,0
337707.wav,14.4,1,0,0,0,0,0,0,0,0,0
337707.wav,15.6,1,0,0,0,0,0,0,0,0,0
337707.wav,16.8,1,0,0,0,0,0,0,0,0,0
337707.wav,18.0,1,0,0,0,0,0,0,0,0,0
337707.wav,19.2,1,0,0,0,0,0,0,0,0,0
263634.wav,0.0,0,0,0,0,0,0,0,0,1,0
263634.wav,1.2,0,0,0,0,0,0,0,0,1,0
263634.wav,2.4,0,0,0,0,0,0,0,0,1,0
263634.wav,3.6,0,0,0,0,0,0,0,0,0,0
263634.wav,4.8,0,0,0,0,0,0,0,0,0,0
263634.wav,6.0,0,0,0,0,0,0,0,0,1,0
263634.wav,7.2,0,0,0,0,0,0,0,0,1,0
263634.wav,8.4,0,0,0,0,0,0,0,0,1,0
263634.wav,9.6,0,0,0,0,0,0,0,0,1,0
263634.wav,10.8,0,0,0,0,0,0,0,0,0,0
263634.wav,12.0,0,0,0,0,0,0,0,0,0,0
263634.wav,13.2,1,0,0,0,0,0,0,0,0,0
263634.wav,14.4,1,0,0,0,0,0,0,0,0,0
263634.wav,15.6,1,0,0,0,0,0,0,0,0,0
263634.wav,16.8,1,0,0,0,0,0,0,0,0,0
263634.wav,18.0,1,0,0,0,0,0,0,0,0,0
263634.wav,19.2,0,0,0,0,0,0,0,0,1,0
263634.wav,20.4,0,0,0,0,0,0,0,0,1,0
